Number,Block,Slug,Title,Category,Target Keyword,Primary Affiliate,Status,Assigned To,Draft Done,Published
1,Published,gulf-coast-beach-packing-list,The Ultimate Gulf Coast Beach Packing List,Travel Tips,gulf coast beach packing list,Amazon,Published,,,
2,Published,best-things-to-do-gulf-shores,Best Things to Do in Gulf Shores AL,Activities,best things to do in gulf shores,TripShock,Published,,,
3,Published,best-gulf-coast-beaches-for-families,The Best Gulf Coast Beaches for Families,Family Travel,best gulf coast beaches for families,VRBO,Published,,,
4,Published,gulf-shores-vs-destin,Gulf Shores vs. Destin: Which Beach Is Right for You?,Comparison,gulf shores vs destin,VRBO,Published,,,
5,Published,gulf-coast-from-atlanta,Best Gulf Coast Beach from Atlanta,Road Trips,gulf coast beach from atlanta,VRBO,Published,,,
6,Published,best-time-to-visit-gulf-shores,Best Time to Visit Gulf Shores: Month-by-Month Guide,Seasonal,best time to visit gulf shores,VRBO,Published,,,
7,Published,destin-vs-pensacola-beach,Destin vs. Pensacola Beach,Comparison,destin vs pensacola beach,VRBO,Published,,,
8,Published,gulf-coast-in-october,Gulf Coast in October: The Best Month Nobody Talks About,Seasonal,gulf coast in october,VRBO,Published,,,
9,Published,best-shelling-beaches-gulf-coast,Best Shelling Beaches on the Gulf Coast (Ranked),Beach Life,best shelling beaches gulf coast,TripShock,Published,,,
10,Published,pet-friendly-gulf-coast-beaches,Pet-Friendly Gulf Coast Beaches,Travel Tips,pet friendly gulf coast beaches,VRBO,Published,,,
11,Published,gulf-coast-from-nashville,Gulf Coast Beach from Nashville,Road Trips,gulf coast beach from nashville,VRBO,Published,,,
12,Published,gulf-coast-from-new-orleans,Gulf Coast Beach from New Orleans,Road Trips,gulf coast beach from new orleans,VRBO,Published,,,
13,Published,gulf-coast-from-birmingham,Gulf Coast Beach from Birmingham,Road Trips,gulf coast beach from birmingham,VRBO,Published,,,
14,Published,gulf-shores-vs-orange-beach,Gulf Shores vs. Orange Beach,Comparison,gulf shores vs orange beach,VRBO,Published,,,
15,Published,3-days-in-gulf-shores,3 Days in Gulf Shores: The Perfect Long Weekend Itinerary,Itinerary,3 days in gulf shores,VRBO,Published,,,
16,Published,is-destin-worth-it,Is Destin Worth It? An Honest Take,Destination,is destin worth it,VRBO,Published,,,
17,Published,gulf-coast-from-memphis,Gulf Coast Beach from Memphis,Road Trips,gulf coast beach from memphis,VRBO,Published,,,
18,Published,gulf-coast-on-a-budget,Gulf Coast on a Budget: How to Do It Right for Less,Travel Tips,gulf coast on a budget,VRBO,Published,,,
19,Published,best-time-to-visit-destin,Best Time to Visit Destin: Month-by-Month Guide,Seasonal,best time to visit destin,VRBO,Published,,,
20,Published,3-days-in-destin,3 Days in Destin: The Perfect Long Weekend Itinerary,Itinerary,3 days in destin,VRBO,Published,,,
21,Published,panama-city-beach-vs-destin,Panama City Beach vs. Destin,Comparison,panama city beach vs destin,VRBO,Published,,,
22,Published,navarre-beach-guide,Navarre Beach Florida: Florida's Best Kept Secret,Destination,navarre beach florida,VRBO,Published,,,
23,Published,fort-walton-beach-guide,Fort Walton Beach Florida: The Underrated Alternative to Destin,Destination,fort walton beach florida,VRBO,Published,,,
24,Published,fort-walton-beach-vs-destin,Fort Walton Beach vs. Destin,Comparison,fort walton beach vs destin,VRBO,Published,,,
25,Published,dauphin-island-guide,Dauphin Island Alabama: Complete Travel Guide,Destination,dauphin island alabama,VRBO,Published,,,
26,Published,30a-florida-guide,30A Florida: Complete Guide to the Beach Towns,Destination,30a florida,VRBO,Published,,,
27,Published,gulf-coast-road-trip-itinerary,The Ultimate Gulf Coast Road Trip: Dauphin Island to Panama City Beach,Road Trips,gulf coast road trip itinerary,VRBO,Published,,,
28,A - Comparisons,orange-beach-vs-pensacola-beach,Orange Beach vs. Pensacola Beach: Which Should You Choose?,Comparison,orange beach vs pensacola beach,VRBO,Up Next,,,
29,A - Comparisons,pensacola-beach-vs-panama-city-beach,Pensacola Beach vs. Panama City Beach,Comparison,pensacola beach vs panama city beach,VRBO,Up Next,,,
30,A - Comparisons,destin-vs-30a,Destin vs. 30A: Which Part of the Florida Panhandle Is Right for You?,Comparison,destin vs 30a,VRBO,Up Next,,,
31,A - Comparisons,navarre-beach-vs-pensacola-beach,Navarre Beach vs. Pensacola Beach: The Quiet One vs. The Famous One,Comparison,navarre beach vs pensacola beach,VRBO,Up Next,,,
32,A - Comparisons,navarre-beach-vs-destin,Navarre Beach vs. Destin: Same Water Very Different Trip,Comparison,navarre beach vs destin,VRBO,Queued,,,
33,A - Comparisons,gulf-shores-vs-panama-city-beach,Gulf Shores vs. Panama City Beach,Comparison,gulf shores vs panama city beach,VRBO,Queued,,,
34,A - Comparisons,dauphin-island-vs-gulf-shores,Dauphin Island vs. Gulf Shores: Two Very Different Alabama Beaches,Comparison,dauphin island vs gulf shores,VRBO,Queued,,,
35,A - Comparisons,30a-vs-panama-city-beach,30A vs. Panama City Beach: Laid-Back vs. Go-Big,Comparison,30a vs panama city beach,VRBO,Queued,,,
36,A - Comparisons,miramar-beach-vs-destin,Miramar Beach vs. Destin: Are They Really That Different?,Comparison,miramar beach vs destin,VRBO,Queued,,,
37,A - Comparisons,gulf-breeze-vs-pensacola-beach,Gulf Breeze vs. Pensacola Beach: Which Side of the Bay?,Comparison,gulf breeze vs pensacola beach,VRBO,Queued,,,
38,A - Comparisons,gulf-shores-vs-myrtle-beach,Gulf Shores vs. Myrtle Beach: Which Is Actually Better?,Comparison,gulf shores vs myrtle beach,VRBO,Queued,,,
39,A - Comparisons,destin-vs-clearwater,Destin vs. Clearwater Beach: Florida Panhandle vs. Tampa Bay,Comparison,destin vs clearwater beach,VRBO,Queued,,,
40,B - Destination Posts,pensacola-beach-guide,Pensacola Beach: What to Know Before You Go,Destination,pensacola beach guide,VRBO,Up Next,,,
41,B - Destination Posts,orange-beach-guide,Orange Beach Alabama: The Complete Guide,Destination,orange beach alabama guide,VRBO,Up Next,,,
42,B - Destination Posts,is-pensacola-beach-worth-it,Is Pensacola Beach Worth It? An Honest Take,Destination,is pensacola beach worth it,VRBO,Up Next,,,
43,B - Destination Posts,is-gulf-shores-worth-it,Is Gulf Shores Worth It? An Honest Take,Destination,is gulf shores worth it,VRBO,Queued,,,
44,B - Destination Posts,is-30a-worth-it,Is 30A Worth the Hype? An Honest Take,Destination,is 30a worth it,VRBO,Queued,,,
45,B - Destination Posts,is-panama-city-beach-worth-it,Is Panama City Beach Worth It?,Destination,is panama city beach worth it,VRBO,Queued,,,
46,B - Destination Posts,is-navarre-beach-worth-it,Is Navarre Beach Worth It?,Destination,is navarre beach worth it,VRBO,Queued,,,
47,B - Destination Posts,what-is-30a,What Is 30A? A Beginner's Guide to Florida's Scenic Highway,Destination,what is 30a florida,VRBO,Queued,,,
48,B - Destination Posts,is-destin-crowded,How Crowded Is Destin? What to Expect by Season,Destination,is destin crowded,VRBO,Queued,,,
49,B - Destination Posts,is-pensacola-beach-crowded,How Crowded Is Pensacola Beach?,Destination,is pensacola beach crowded,VRBO,Queued,,,
50,B - Destination Posts,best-beaches-pensacola-area,Best Beaches Near Pensacola: Ranked,Destination,best beaches near pensacola,VRBO,Queued,,,
51,B - Destination Posts,best-beaches-destin-area,Best Beaches Near Destin: All Your Options Ranked,Destination,best beaches near destin,VRBO,Queued,,,
52,C - Itineraries,3-days-in-pensacola-beach,3 Days in Pensacola Beach: The Perfect Long Weekend,Itinerary,3 days in pensacola beach,VRBO,Up Next,,,
53,C - Itineraries,3-days-in-orange-beach,3 Days in Orange Beach: The Perfect Long Weekend,Itinerary,3 days in orange beach,VRBO,Up Next,,,
54,C - Itineraries,3-days-in-panama-city-beach,3 Days in Panama City Beach: The Perfect Long Weekend,Itinerary,3 days in panama city beach,VRBO,Queued,,,
55,C - Itineraries,3-days-in-30a,3 Days on 30A: The Perfect Long Weekend Itinerary,Itinerary,3 days on 30a,VRBO,Queued,,,
56,C - Itineraries,3-days-in-navarre-beach,3 Days in Navarre Beach: The Perfect Low-Key Gulf Getaway,Itinerary,3 days in navarre beach,VRBO,Queued,,,
57,C - Itineraries,3-days-in-fort-walton-beach,3 Days in Fort Walton Beach,Itinerary,3 days in fort walton beach,VRBO,Queued,,,
58,C - Itineraries,weekend-in-gulf-shores,A Weekend in Gulf Shores: How to Make the Most of 2 Days,Itinerary,weekend in gulf shores,VRBO,Queued,,,
59,C - Itineraries,one-week-gulf-coast,One Week on the Gulf Coast: The Perfect 7-Day Itinerary,Itinerary,one week gulf coast itinerary,VRBO,Queued,,,
60,C - Itineraries,destin-itinerary-families,Destin with Kids: The Best 4-Day Family Itinerary,Itinerary,destin florida itinerary families,VRBO,Queued,,,
61,C - Itineraries,dauphin-island-weekend,A Weekend on Dauphin Island: How to Do It Right,Itinerary,dauphin island weekend,VRBO,Queued,,,
62,D - Best Time to Visit,best-time-to-visit-pensacola-beach,Best Time to Visit Pensacola Beach: Month-by-Month Guide,Seasonal,best time to visit pensacola beach,VRBO,Up Next,,,
63,D - Best Time to Visit,best-time-to-visit-orange-beach,Best Time to Visit Orange Beach: Month-by-Month Guide,Seasonal,best time to visit orange beach,VRBO,Up Next,,,
64,D - Best Time to Visit,best-time-to-visit-panama-city-beach,Best Time to Visit Panama City Beach: Month-by-Month Guide,Seasonal,best time to visit panama city beach,VRBO,Queued,,,
65,D - Best Time to Visit,best-time-to-visit-30a,Best Time to Visit 30A: Month-by-Month Guide,Seasonal,best time to visit 30a florida,VRBO,Queued,,,
66,D - Best Time to Visit,best-time-to-visit-navarre-beach,Best Time to Visit Navarre Beach,Seasonal,best time to visit navarre beach,VRBO,Queued,,,
67,D - Best Time to Visit,gulf-coast-in-march,Gulf Coast in March: Spring Break Crowds and Weather,Seasonal,gulf coast in march,VRBO,Queued,,,
68,D - Best Time to Visit,gulf-coast-in-may,Gulf Coast in May: The Sweet Spot Before Summer,Seasonal,gulf coast in may,VRBO,Queued,,,
69,D - Best Time to Visit,gulf-coast-in-september,Gulf Coast in September: Still Warm Half the Crowds,Seasonal,gulf coast in september,VRBO,Queued,,,
70,D - Best Time to Visit,gulf-coast-in-december,Gulf Coast in December: Off-Season Done Right,Seasonal,gulf coast in december,VRBO,Queued,,,
71,E - Road Trips,gulf-coast-from-houston,Gulf Coast Beach from Houston: Everything You Need to Know,Road Trips,gulf coast beach from houston,VRBO,Up Next,,,
72,E - Road Trips,gulf-coast-from-dallas,Gulf Coast Beach from Dallas: Best Route and Beach to Choose,Road Trips,gulf coast beach from dallas,VRBO,Up Next,,,
73,E - Road Trips,gulf-coast-from-knoxville,Gulf Coast Beach from Knoxville,Road Trips,gulf coast from knoxville,VRBO,Queued,,,
74,E - Road Trips,gulf-coast-from-chattanooga,Gulf Coast Beach from Chattanooga,Road Trips,gulf coast from chattanooga,VRBO,Queued,,,
75,E - Road Trips,gulf-coast-from-jackson-ms,Gulf Coast Beach from Jackson MS: 3 Hours to White Sand,Road Trips,gulf coast from jackson ms,VRBO,Queued,,,
76,E - Road Trips,gulf-coast-from-charlotte,Gulf Coast Beach from Charlotte NC,Road Trips,gulf coast from charlotte nc,VRBO,Queued,,,
77,E - Road Trips,gulf-coast-from-st-louis,Gulf Coast Beach from St. Louis,Road Trips,gulf coast from st louis,VRBO,Queued,,,
78,E - Road Trips,gulf-coast-from-little-rock,Gulf Coast Beach from Little Rock,Road Trips,gulf coast from little rock,VRBO,Queued,,,
79,F - Things To Do,best-things-to-do-destin,Best Things to Do in Destin FL,Activities,best things to do in destin,TripShock,Queued,,,
80,F - Things To Do,best-things-to-do-pensacola-beach,Best Things to Do in Pensacola Beach,Activities,best things to do in pensacola beach,TripShock,Queued,,,
81,F - Things To Do,best-things-to-do-orange-beach,Best Things to Do in Orange Beach AL,Activities,best things to do in orange beach,TripShock,Queued,,,
82,F - Things To Do,best-things-to-do-panama-city-beach,Best Things to Do in Panama City Beach,Activities,best things to do in panama city beach,TripShock,Queued,,,
83,F - Things To Do,best-things-to-do-30a,Best Things to Do on 30A,Activities,best things to do on 30a,TripShock,Queued,,,
84,F - Things To Do,best-things-to-do-navarre-beach,Best Things to Do in Navarre Beach,Activities,best things to do in navarre beach,TripShock,Queued,,,
85,F - Things To Do,best-things-to-do-fort-walton-beach,Best Things to Do in Fort Walton Beach,Activities,best things to do in fort walton beach,TripShock,Queued,,,
86,F - Things To Do,best-things-to-do-dauphin-island,Best Things to Do on Dauphin Island,Activities,best things to do on dauphin island,TripShock,Queued,,,
87,G - Where To Stay,where-to-stay-gulf-shores,Where to Stay in Gulf Shores: Best Areas and Rentals,Accommodation,where to stay in gulf shores,VRBO,Queued,,,
88,G - Where To Stay,where-to-stay-destin,Where to Stay in Destin: Best Areas Hotels and Rentals,Accommodation,where to stay in destin,VRBO,Queued,,,
89,G - Where To Stay,where-to-stay-pensacola-beach,Where to Stay in Pensacola Beach,Accommodation,where to stay in pensacola beach,VRBO,Queued,,,
90,G - Where To Stay,where-to-stay-30a,Where to Stay on 30A: A Town-by-Town Guide,Accommodation,where to stay on 30a,VRBO,Queued,,,
91,G - Where To Stay,where-to-stay-orange-beach,Where to Stay in Orange Beach AL,Accommodation,where to stay in orange beach,VRBO,Queued,,,
92,G - Where To Stay,where-to-stay-panama-city-beach,Where to Stay in Panama City Beach,Accommodation,where to stay in panama city beach,VRBO,Queued,,,
93,H - Niche & Brand,gulf-coast-fishing-guide,Gulf Coast Fishing: Complete Guide for First-Timers,Activities,gulf coast fishing guide,FishingBooker,Queued,,,
94,H - Niche & Brand,best-gulf-coast-state-parks,Best Gulf Coast State Parks: From Dauphin Island to PCB,Beach Life,best gulf coast state parks,TripShock,Queued,,,
95,H - Niche & Brand,gulf-coast-with-kids,Gulf Coast with Kids: Everything Families Need to Know,Family Travel,gulf coast with kids,VRBO,Queued,,,
96,H - Niche & Brand,gulf-coast-honeymoon,Gulf Coast Honeymoon: Most Romantic Beaches and Stays,Travel Tips,gulf coast honeymoon,VRBO,Queued,,,
97,H - Niche & Brand,gulf-coast-camping,Camping on the Gulf Coast: Best Campgrounds and Parks,Travel Tips,gulf coast camping,TripShock,Queued,,,
98,H - Niche & Brand,gulf-coast-dolphin-tours,Gulf Coast Dolphin Tours: Where to Book and What to Expect,Activities,gulf coast dolphin tours,GetYourGuide,Queued,,,
99,H - Niche & Brand,best-seafood-restaurants-gulf-shores,Best Seafood Restaurants in Gulf Shores,Food & Drink,best seafood restaurants gulf shores,TripAdvisor,Queued,,,
100,H - Niche & Brand,best-seafood-restaurants-destin,Best Seafood Restaurants in Destin,Food & Drink,best seafood restaurants destin,TripAdvisor,Queued,,,
